{
	"credit": "Made with Blockbench",
	"parent": "item/generated",
	"textures": {
		"layer0": "tools/picksaw"
	},
	"display": {
		"thirdperson_righthand": {
			"rotation": [0, 90, 35],
			"translation": [0, 4, 0.5],
			"scale": [0.85, 0.85, 0.85]
		},
		"thirdperson_lefthand": {
			"rotation": [0, -90, -35],
			"translation": [0, 4, 0.5],
			"scale": [0.85, 0.85, 0.85]
		},
		"firstperson_righthand": {
			"rotation": [0, 90, 64],
			"translation": [1.13, 3.2, 1.13],
			"scale": [0.68, 0.68, 0.68]
		},
		"firstperson_lefthand": {
			"rotation": [0, -90, -64],
			"translation": [1.13, 4, 1.13],
			"scale": [0.68, 0.68, 0.68]
		},
		"ground": {
			"translation": [0, 2.5, 0],
			"scale": [0.68, 0.68, 0.68]
		},
		"head": {
			"translation": [0.5, 13.75, 6.25]
		},
		"fixed": {
			"rotation": [0, -180, 0],
			"translation": [0, 0, -1]
		}
	}
}