{
	"credit": "Made with Blockbench",
	"parent": "item/generated",
	"textures": {
		"layer0": "bows/daedalus_stormbow"
	},
	"display": {
		"thirdperson_righthand": {
			"rotation": [-40, 260, -40],
			"translation": [-1, -2, 2.5],
			"scale": [1.3, 1.3, 1.3]
		},
		"thirdperson_lefthand": {
			"rotation": [-140, -82, 40],
			"translation": [-1, -2, 2.5],
			"scale": [1.3, 1.3, 1.3]
		},
		"firstperson_righthand": {
			"rotation": [113, -154, 111],
			"translation": [0.25, 3.2, 2],
			"scale": [1.1, 1.1, 1.1]
		},
		"firstperson_lefthand": {
			"rotation": [-53, -30, 100],
			"translation": [0.25, 3.2, 2],
			"scale": [1.1, 1.1, 1.1]
		},
		"ground": {
			"rotation": [0, 0, -45],
			"translation": [0, 5.25, 0],
			"scale": [0.8, 0.8, 0.8]
		},
		"gui": {
			"rotation": [0, 0, -46],
			"scale": [1.6, 1.6, 1.6]
		},
		"head": {
			"rotation": [0, 0, 90],
			"translation": [0, 5.25, -6.75]
		},
		"fixed": {
			"rotation": [0, 0, -135],
			"scale": [1.8, 1.8, 1.8]
		}
	}
}