{
	"credit": "Made with Blockbench",
	"parent": "item/generated",
	"textures": {
		"layer0": "bows/pulse_bow_1"
	},
	"display": {
		"thirdperson_righthand": {
			"rotation": [-80, 260, -80],
			"translation": [-1, -2, 0.5]
		},
		"thirdperson_lefthand": {
			"rotation": [80, 100, -80],
			"translation": [-0.25, -2, 0.5]
		},
		"firstperson_righthand": {
			"rotation": [0, -79, -21],
			"translation": [1.13, 3.2, 1.13],
			"scale": [0.68, 0.68, 0.68]
		},
		"firstperson_lefthand": {
			"rotation": [0, 79, 28],
			"translation": [1.13, 3.2, 1.5],
			"scale": [0.68, 0.68, 0.68]
		},
		"ground": {
			"rotation": [0, 0, -45],
			"translation": [0, 1.75, 0],
			"scale": [0.68, 0.68, 0.68]
		},
		"gui": {
			"rotation": [0, 0, -45],
			"translation": [-1.75, 1.75, 0]
		},
		"head": {
			"rotation": [0, 0, 90],
			"translation": [0, 4.75, -6.5]
		},
		"fixed": {
			"rotation": [0, 0, -136.5],
			"translation": [2.5, 2.5, 0],
			"scale": [1.24, 1.24, 1.24]
		}
	}
}